{
    "tracker_items": {
        "type": "array",
        "orientation": "horizontal",
        "content": [
            {
                "type": "itemgrid",
                "h_alignment": "center",
                "item_margin": "1,2",
                "rows": [
                    [
                       "noequip",
                       "noarm",
                       "noshield",
                       "ds",
                       "dn",
                       "fighter"
                    ],
                    [
                        "sos",
                        "sh",
                        "sor",
                        "et",
                        "drop",
                        "flute"
                    ],
                    [
                        "love",
                        "heal",
                        "hurt",
                        "sleep",
                        "radiant",
                        "stop"
                        
                    ],
                    [
                        "outside",
                        "return",
                        "repel",
                        "healmore",
                        "hurtmore"
                    ]
                ]
            },
            {
                "type": "itemgrid",
                "v_alignment": "top",
                "item_margin": "1,2",
                "rows": [
                    [ "key" ]
                ]
            }
        ]
    },
    "tracker_capture_item": {
        "type": "container",
        "content": {
            "type": "itemgrid",
            "h_alignment": "center",
            "item_margin": "1,2",
            "rows": [
                [
                    "noequip",
                    "noarm",
                    "noshield",
                    "ds",
                    "dn",
                    "fighter"  
                ],
                [
                    "sos",
                    "sh",
                    "sor",
                    "et",
                    "drop",
                    "flute"
                ],
                [
                    "love",
                    "heal",
                    "hurt",
                    "sleep",
                    "radiant",
                    "stop"
                ],
                [
                    "outside",
                    "return",
                    "repel",
                    "healmore",
                    "hurtmore"
                ]
            ]
        }
    }
}