[//LOCATIONS
	//overworld only
	{
		"name": "Tantagel Castle",
		"map_locations": [
			{
				"map": "overworld",
				"x": 725,
				"y": 725
			}
		],
		"sections": [
			{
				"name": "Throne Room",
				"chest_unopened_img": "images/chest_closed.png",
				"chest_opened_img": "images/chest_opened.png",
				"capture_item": false,
				"access_rules": [ "" ],
				"item_count": 3
			},
			{
				"name": "Treasury",
				"chest_unopened_img": "images/chest_closed.png",
				"chest_opened_img": "images/chest_opened.png",
				"capture_item": false,
				"access_rules": [ "$haskey" ],
				"item_count": 4
			},
			{
				"name": "Cellar",
				"chest_unopened_img": "images/chest_closed.png",
				"chest_opened_img": "images/chest_opened.png",
				"capture_item": false,
				"access_rules": [ "$haskey" ],
				"item_count": 1
			}
		]
	},
	{
		"name": "Garinham",
		"map_locations":[
			{
				"map": "overworld",
				"x": 70,
				"y": 70
			}
		],
		"sections":[
			{
				"name": "Parlor",
				"chest_unopened_img": "images/chest_closed.png",
				"chest_opened_img": "images/chest_opened.png",
				"capture_item": false,
				"access_rules": [ "$haskey" ],
				"item_count": 3
			},
			{
				"name": "Garin's Grave",
				"chest_unopened_img": "images/chest_closed.png",
				"chest_opened_img": "images/chest_opened.png",
				"capture_item": false,
				"access_rules": [ "$haskey" ],
				"item_count": 5
			}
		]
	},
	{
		"name": "Kol",
		"map_locations":[
			{
				"map": "overworld",
				"x": 1700,
				"y": 200
			}
		],
		"sections":[
			{
				"name": "4 Steps South of the Bath",
				"chest_unopened_img": "images/chest_closed.png",
				"chest_opened_img": "images/chest_opened.png",
				"capture_item": false,
				"access_rules": [ "" ],
				"item_count": 1
			}
		]
	},
	{
		"name": "Rimuldar",
		"map_locations":[
			{
				"map": "overworld",
				"x": 1670,
				"y": 1190
			}
		],
		"sections": [
			{
				"name": "Inn Chest",
				"chest_unopened_img": "images/chest_closed.png",
				"chest_opened_img": "images/chest_opened.png",
				"capture_item": false,
				"access_rules": [ "$haskey" ],
				"item_count": 1
			},
			{
				"name": "Key Shop",
				"chest_unopened_img": "images/chest_closed.png",
				"chest_opened_img": "images/chest_opened.png",
				"capture_item": false,
				"access_rules": [ "" ],
				"hosted_item": "key"
			}
		]
	},
	{
		"name": "Hauksness",
		"map_locations": [
			{
				"map": "overworld",
				"x": 437,
				"y": 1462
			}
		],
		"sections":[
			{
				"name": "Spike Search",
				"chest_unopened_img": "images/chest_closed.png",
				"chest_opened_img": "images/chest_opened.png",
				"capture_item": false,
				"access_rules": [ "" ],
				"item_count": 1
			}
		]
	},
	{
		"name": "Token",
		"map_locations":[
			{
				"map": "overworld",
				"x": 1352,
				"y": 1842
			}
		],
		"sections": [
			{
				"name": "Coordinates Searchspot",
				"chest_unopened_img": "images/chest_closed.png",
				"chest_opened_img": "images/chest_opened.png",
				"capture_item": false,
				"access_rules": [ "$haskey" ],
				"item_count": 1
			}
		]
	},
	{
		"name": "Shrine of Rain",
		"map_locations": [
			{
				"map": "overworld",
				"x": 1332,
				"y": 55
			}
		],
		"sections": [
			{
				"name": "Trade for Staff",
				"chest_unopened_img": "images/chest_closed.png",
				"chest_opened_img": "images/chest_opened.png",
				"capture_item": false,
				"access_rules": [ "$hasharp" ],
				"hosted_item": "sor"
			}
		]
	},
	{
		"name": "Holy Shrine",
		"map_locations": [
			{
				"map": "overworld",
				"x": 1767,
				"y": 1782
			}
		],
		"sections": [
			{
				"name": "",
				"chest_unopened_img": "images/chest_closed.png",
				"chest_opened_img": "images/chest_opened.png",
				"capture_item": false,
				"access_rules": [ "$all3" ],
				"hosted_item": "drop" 
			}
		]
	},
	{
		"name": "Charlock Castle",
		"map_locations": [
			{
				"map": "overworld",
				"x": 805,
				"y": 805
			}
		],
		"sections": [
			{
				"name": "Judge's Table",
				"chest_unopened_img": "images/chest_closed.png",
				"chest_opened_img": "images/chest_opened.png",
				"capture_item": false,
				"access_rules": [ "$hasdrop" ],
				"item_count": 1
			},
			{
				"name": "Pyrimid Game",
				"chest_unopened_img": "images/chest_closed.png",
				"chest_opened_img": "images/chest_opened.png",
				"capture_item": false,
				"access_rules": [ "[$hasdrop], [$haskey]" ],
				"item_count": 6
			}
		]
	},
	{
		"name": "Tablet Cave",
		"map_locations": [
			{
				"map": "overworld",
				"x": 487,
				"y": 232
			}
		],
		"sections": [
			{
				"name": "Tablet Chest",
				"chest_unopened_img": "images/chest_closed.png",
				"chest_opened_img": "images/chest_opened.png",
				"capture_item": false,
				"access_rules": [ "" ],
				"item_count": 1
			}
		]
	},
	{
		"name": "Mountian Cave",
		"map_locations": [
			{
				"map": "overworld",
				"x": 502,
				"y": 952
			}
		],
		"sections": [
			{
				"name": "Upper Floor",
				"chest_unopened_img": "images/chest_closed.png",
				"chest_opened_img": "images/chest_opened.png",
				"capture_item": false,
				"access_rules": [ "" ],
				"item_count": 1
			},
			{
				"name": "Lower Floor",
				"chest_unopened_img": "images/chest_closed.png",
				"chest_opened_img": "images/chest_opened.png",
				"capture_item": false,
				"access_rules": [ "" ],
				"item_count": 4
			}
		]
	}
]