[
    {
        "name": "AlefgardMap",
        "chest_unopened_img": "images/chest_unopened.png",
        "chest_opened_img": "images/chest_opened.png",
        "children": [
            {
                "name": "Tantagel",
                "children": [
                    {
                        "name": "Tantagel Castle",
                        "sections":[
                            {
                                "name": "Throne Room Freebies",
                                "item_count": 3
                            },
                            {
                                "name": "Treasury",
                                "access_rules": ["haskey"],
                                "item_count": 4
                            },
                            {
                                "name": "Castle Cellar",
                                "access_rules": ["haskey"],
                                "item_count": 1
                            }
                        ],
                        "map_locations": [
                            {
                                "map": "map_full",
                                "x": 0,
                                "y": 0
                            }
                        ]

                    }
                ]
            },
            {
                "name": "Garinham/Grave",
                "children": [
                    {
                        "name": "Garinham",
                        "sections": [
                            {
                                "name": "Parlor",
                                "access_rules": ["haskey"],
                                "item_count": 3
                            },
                            {
                                "name": "Garin's Grave",
                                "access_rules": ["haskey"],
                                "item_count": 5
                            }
                        ],
                        "map_locations": [
                            {
                                "map": "map_full",
                                "x": 70,
                                "y": 70
                            }
                        ]
                    }
                ]
            },
            {
                "name": "Kol Search",
                "children": [
                    {
                       "name": "Kol",
                       "childern": [
                           {
                               "name": "4 Steps South of the Bath",
                               "item_count": 1
                           }
                       ],
                       "map_locations": [
                           {
                               "map": "map_full",
                               "x": 1700,
                               "y": 200
                           }
                       ]
                    }
                ]
            },
            {
                "name": "Rimuldar Inn/ Keyshops",
                "children": [
                    {
                        "name": "Rimuldar",
                        "childern": [
                            {
                                "name": "Rimuldar Inn",
                                "access_rules": ["haskey"],
                                "item_count": 1
                            },
                            {
                                "name": "Key Shop",
                                "hosted_item": "key"
                            }
                        ],
                        "map_locations":[
                            {
                                "map": "map_full",
                                "x": 1670,
                                "y": 1190
                            }
                        ]
                    }
                ]
            },
            {
                "name": "Hauksness",
                "children": [
                    {
                        "name": "Spike",
                        "sections": [
                            {
                                "name": "Spike Search",
                                "item_count": 1
                            }
                        ],
                        "map_locations": [
                            {
                                "map": "map_full",
                                "x": 437,
                                "y": 1465
                            }
                        ]
                    }
                ]
            },
            {
                "name": "Cantilin",
                "children": [
                    {
                        "name": "Speak to the Old Man",
                        "sections": [
                            {
                                "name": "Get Coordinates",
                                "item_count": 0
                            }
                        ],
                        "map_locations": [
                            {
                                "map": "map_full",
                                "x": 1205,
                                "y": 1665
                            }
                        ]
                    }
                ]
            },
            {
                "name": "Charlock Castle Chests",
                "children": [
                    {
                        "name": "Charlock Castle",
                        "sections": [
                            {
                                "name": "Judges Table",
                                "access_rules": ["haskey","hasdrop"],
                                "item_count": 1
                            },
                            {
                                "name": "Pyrimid Game",
                                "access_rules": ["haskey","hasdrop"],
                                "item_count": 6
                            }
                        ],
                        "map_locations": [
                            {
                                "map": "map_full",
                                "x": 805,
                                "y": 805
                            }
                        ]
                    }
                ]
            },
            {
                "name": "Tablet",
                "children": [
                    {
                        "name": "Tablet Chest",
                        "sections": [
                            {
                                "name": "bottom",
                                "item_count":1
                            }
                        ],
                        "map_locations": [
                            {
                                "map": "map_full",
                                "x": 485,
                                "y": 230
                            }
                        ]
                    }
                ]
            },
            {
                "name": "Mountian Cave",
                "children": [
                    {
                        "name": "Mountian",
                        "sections": [
                            {
                                "name": "Top Floor",
                                "item_count": 1
                            },
                            {
                                "name": "Bottom Floor",
                                "item_count": 4
                            }
                        ],
                        "map_locations": [
                            {
                                "map": "map_full",
                                "x": 505,
                                "y": 955
                            }
                        ]
                    }
                ]
            },
            {
                "name": "Shrine of Rain / Trade",
                "children": [
                    {
                        "name": "Shrine of Rain",
                        "sections": [
                            {
                                "name": "Trade Harp for Staff",
                                "access_rules": ["hasharp"],
                                "hosted_item": "sor"
                            }
                        ],
                        "map_locations": [
                            {
                                "map":"map_full",
                                "x": 1333,
                                "y": 55
                            }
                        ]
                    }
                ]
            },
            {
                "name": "Over World Search Spot",
                "children": [
                    {
                        "name": "Vanilla Token",
                        "sections": [
                            {
                                "name": "Search on the Coordinates",
                                "access_rules": ["haskey"],
                                "item_count": 1
                            }
                        ],
                        "map_locations": [
                            {
                                "map": "map_full",
                                "x": 1352,
                                "y": 1852
                            }
                        ]
                    }
                ]
            },
            {
                "name": "Three Become One",
                "children": [
                    {
                        "name": "Trade for Drop",
                        "sections": [
                            {
                                "name": "Make the Trade",
                                "access_rules": ["all3"],
                                "hosted_item": "drop"
                            }
                        ],
                        "map_locations": [
                            {
                                "map": "map_full",
                                "x": 1765,
                                "y": 1780
                            }
                        ]
                    }
                ]
            }
        ]
    }
]