[
    {
        "name": "Weapons",
        "type": "progressive",
        "allow_disabled": false,
        "stages": [
          {
            "img": "images/bamboopolegrey.png",
            "img_mods": "@disabled",
            "codes": "noequip"
          },            
          {
            "img": "images/bamboopole.png",
            "codes": "pole"
          },
          {
            "img": "images/club.png",
            "codes": "club"
          },
          {
              "img":"images/coppersword.png",
              "codes":"csword"
          },
          {
              "img":"images/handaxe.png",
              "codes":"axe"
          },
          {
              "img":"images/broadsword.png",
              "codes":"bsword"
          },
          {
              "img":"images/flamesword.png",
              "codes":"flame"
          },
          {
              "img":"images/erdrick'ssword.png",
              "codes":"edsword"
          }
        ]
      },
      {
        "name": "Armor",
        "type": "progressive",
        "allow_disabled": false,
        "stages": [
          {
            "img": "images/clothesgrey.png",
            "img_mods": "@disabled",
            "codes": "noarm"
          },            
          {
            "img": "images/clothes.png",
            "codes": "clothes"
          },
          {
            "img": "images/leatherarmor.png",
            "codes": "larm"
          },
          {
              "img":"images/chainmail.png",
              "codes":"chain"
          },
          {
              "img":"images/halfplate.png",
              "codes":"1/2"
          },
          {
              "img":"images/fullplate.png",
              "codes":"full"
          },
          {
              "img":"images/magicarmor.png",
              "codes":"marm"
          },
          {
              "img":"images/erdrick'sarmor.png",
              "codes":"edarm"
          }
        ]
      },
      {
          "name": "Shields",
          "type": "progressive",
          "allow_disabled": false,
          "stages":[
              {
                  "img":"images/smallshieldgrey.png",
                  "img_mods":"@disabled",
                  "codes":"noshield"
              },
              {
                  "img":"images/smallshield.png",
                  "codes":"smalls"
              },
              {
                  "img":"images/largeshield.png",
                  "codes":"larges"
              },
              {
                  "img":"images/silvershield.png",
                  "codes":"SS"
              }
          ]
      }, 
      {
        "name":"Magic Key",
        "type":"toggle",
        "img":"images/magickey.png",
        "loop":true,
        "codes":"key"
    },

    {
        "name":"Stones of Sunlight",
        "type":"toggle",
        "img":"images/stonesofsunlight.png",
        "loop":true,
        "codes":"sos"
    },
    {
        "name":"Silver Harp",
        "type":"toggle",
        "img":"images/silverharp.png",
        "loop":true,
        "codes":"sh"
    },
    {
        "name":"Staff of Rain",
        "type":"toggle",
        "img":"images/staffofrain.png",
        "loop":true,
        "codes":"sor"
    },
    {
        "name":"Erdrick's Token",
        "type":"toggle",
        "img":"images/erdrick'stoken.png",
        "loop":true,
        "codes":"et"
    },
    {
        "name":"Rainbow Drop",
        "type":"toggle",
        "img":"images/rainbowdrop.png",
        "loop":true,
        "codes":"drop"
    },
    {
        "name":"Fairy Flute",
        "type":"toggle",
        "img":"images/fairyflute.png",
        "loop":true,
        "codes":"flute"
    },
    {
        "name":"Gwaelin's Love",
        "type":"toggle",
        "img":"images/gwaelin'slove.png",
        "loop":true,
        "codes":"love"
    },
    {
        "name":"Death Necklace",
        "type":"toggle",
        "img":"images/deathnecklace.png",
        "loop":true,
        "codes":"dn"
    },
    {
        "name":"Fighter's Ring",
        "type":"toggle",
        "img":"images/fighter'sring.png",
        "loop":true,
        "codes":"fighter"
    },
    {
        "name":"Dragon's Scale",
        "type":"toggle",
        "img":"images/dragon'sscale.png",
        "loop":true,
        "codes":"ds"
    },
    {
        "name":"Heal",
        "type":"toggle",
        "img":"images/heal.png",
        "codes":"heal"
    },
    {
        "name":"Hurt",
        "type":"toggle",
        "img":"images/hurt.png",
        "codes":"hurt"
    },
    {
        "name":"sleep",
        "type":"toggle",
        "img":"images/sleep.png",
        "codes":"sleep"
    },
    {
        "name":"Raidiant",
        "type":"toggle",
        "img":"images/radiant.png",
        "codes":"radiant"
    },
    {
        "name":"Stopspell",
        "type":"toggle",
        "img":"images/stopspell.png",
        "codes":"stop"
    },
    {
        "name":"Outside",
        "type":"toggle",
        "img":"images/outside.png",
        "codes":"outside"
    },
    {
        "name":"Return",
        "type":"toggle",
        "img":"images/return.png",
        "codes":"return"
    },
    {
        "name":"Repel",
        "type":"toggle",
        "img":"images/repel.png",
        "codes":"repel"
    },
    {
        "name":"Healmore",
        "type":"toggle",
        "img":"images/healmore.png",
        "codes":"healmore"
    },
    {
        "name":"Hurtmore",
        "type":"toggle",
        "img":"images/hurtmore.png",
        "codes":"hurtmore"
    }
]