[
    {
        "name":"Erdrick's Sword",
        "access_rules":[
            "$hasDrop"
        ],
        "map_locations":[
            {
                "map":"map_charlockb2",
                "x":100,
                "y":104
            },
            {
                "map":"map_full",
                "x":805,
                "y":805
            }
        ],
        "sections":[
            {
                "name":"Judge's Table",
                "visibility_rules":["$All3"],
                "item_count":1
            }
        ]
    },
    {
        "name":"Treasury",
        "access_rules":[
            "$hasDrop","$haskey"
        ],
        "map_locations":[
            {
                "map":"map_charlockb7",
                "x":200,
                "y":200
            },
            {
                "map":"map_full",
                "x":805,
                "y":805
            }
        ],
        "sections":[
            {
                "name":"Pyrimid Game",
                "visibility_rules":["$all3","$hasdrop"],
                "item_count":6
            }
        ]
    }
]