[
    {
        "name":"Garinham 3 chests",
        "access_rules":[
            "Has Magic Key","No Key Req"
        ],
        "map_locations":[
            {
                "map":"map_garinham",
                "x":176,
                "y":466
            },
            {
                "map":"map_full",
                "x":70,
                "y":70
            }
        ],
        "sections":[
            {
                "name":"Garinham 3 chests",
                "visibility_rules":["Has Magic Key","No Key Req"],
                "item_count":3
            }
        ]
    }
]