[
    {
        "name":"Grave 1,2,3",
        "access_rules":[
            ""
        ],
        "map_locations":[
            {
                "map":"map_grave",
                "x":214,
                "y":22
            },
            {
                "map":"map_full",
                "x":70,
                "y":70
            }
        ],
        "sections":[
            {
                "name":"Grave 1,2,3",
                "visibility_rules":[""],
                "item_count":3
            }
        ]
    },
    {
        "name":"Grave 4",
        "access_rules":[
            "$haskey"
        ],
        "map_locations":[
            {
                "map":"map_grave",
                "x":40,
                "y":441
            },
            {
                "map":"map_full",
                "x":70,
                "y":70
            }
        ],
        "sections":[
            {
                "name":"Grave 4",
                "visibility_rules":["$haskey"],
                "item_count":1
            }
        ]
    },
    {
        "name":"Grave 5",
        "access_rules":[
            "$haskey"
        ],
        "map_locations":[
            {
                "map":"map_grave",
                "x":232,
                "y":521
            },
            {
                "map":"map_full",
                "x":70,
                "y":70
            }
        ],
        "sections":[
            {
                "name":"Grave 5",
                "visibility_rules":["$haskey"],
                "item_count":1
            }
        ]
    }
]