[
    {
        "name":"Hauksness Spike Tile",
        "access_rules":[
            ""
        ],
        "map_locations":[
            {
                "map":"map_hauksness",
                "x":327,
                "y":263
            },
            {
                "map":"map_full",
                "x":437,
                "y":1462
            }
        ],
        "sections":[
            {
                "name":"Search After Fight",
                "visibility_rules":[""],
                "item_count":1
            }
        ]
    }
]