[
    {
        "name":"Kol Search",
        "access_rules":[
            ""
        ],
        "map_locations":[
            {
                "map":"map_kol",
                "x":184,
                "y":168
            },
            {
                "map":"map_full",
                "x":1700,
                "y":200
            }
        ],
        "sections":[
            {
                "name":"4 steps soth of the bath",
                "visibility_rules":[""],
                "item_count":1
            }
        ]
    }
]