[
    {
        "name":"Mountian 1",
        "access_rules":[
            ""
        ],
        "map_locations":[
            {
                "map":"map_mountian",
                "x":232,
                "y":101
            },
            {
                "map":"map_full",
                "x":502,
                "y":952
            }
        ],
        "sections":[
            {
                "name":"Mountian 1",
                "visibility_rules":[""],
                "item_count":1
            }
        ]
    },
    {
        "name":"Mountian 2&3",
        "access_rules":[
            ""
        ],
        "map_locations":[
            {
                "map":"map_mountian",
                "x":55,
                "y":310
            },
            {
                "map":"map_full",
                "x":502,
                "y":952
            }
        ],
        "sections":[
            {
                "name":"Mountian 2&3",
                "visibility_rules":[""],
                "item_count":2
            }
        ]
    },
    {
        "name":"Mountian 4",
        "access_rules":[
            ""
        ],
        "map_locations":[
            {
                "map":"map_mountian",
                "x":184,
                "y":423
            },
            {
                "map":"map_full",
                "x":502,
                "y":952
            }
        ],
        "sections":[
            {
                "name":"Mountian 4",
                "visibility_rules":[""],
                "item_count":1
            }
        ]
    },
    {
        "name":"Mountian 5",
        "access_rules":[
            ""
        ],
        "map_locations":[
            {
                "map":"map_mountian",
                "x":40,
                "y":374
            },
            {
                "map":"map_full",
                "x":502,
                "y":952
            }
        ],
        "sections":[
            {
                "name":"Mountian 5",
                "visibility_rules":[""],
                "item_count":1
            }
        ]
    }
]