[
    {
        "name":"Rimuldar Inn",
        "access_rules":[
            "$haskey"
        ],
        "map_locations":[
            {
                "map":"map_rimuldar",
                "x":424,
                "y":439
            },
            {
                "map":"map_full",
                "x":1670,
                "y":1190
            }
        ],
        "sections":[
            {
                "name":"Rimuldar Inn",
                "visibility_rules":["$haskey"],
                "item_count":1
            }
        ]
    },
    {
        "name":"Key Shop",
        "access_rules":[
            ""
        ],
        "map_locations":[
            {
                "map":"map_rimuldar",
                "x":104,
                "y":121
            },
            {
                "map":"map_full",
                "x":1670,
                "y":1190
            }
        ],
        "sections":[
            {
                "name":"Buy Keys",
                "visibility_rules":[""],
                "item_cont":1
            }
        ]
    }
]