[
    {
        "name":"Throne Room Freebies",
        "access_rules": [
            ""
        ],
        "map_locations":[
            {
                "map": "map_tantagel",
                "x":158,
                "y":661
            },
            {
                "map":"map_full",
                "x":725,
                "y":725
            }
        ],
        "sections":[
            {
                "name":"Throne Room Freebies",
                "visibility_rules":[""],
                "item_count":3
            }
        ]
    },
    {
        "name":"Treasury",
        "access_rules":[
            "$haskey"
        ],
        "map_locations":[
            {
                "map":"map_tantagel",
                "x":72,
                "y":279
            },
            {
                "map":"map_full",
                "x":725,
                "y":725
            }
        ],
        "sections":[
            {
                "name":"Treasury",
                "visibility_rules":["$haskey"],
                "item_count":4
            }
        ]
    },
    {
        "name":"But tout Must",
        "access_rules":[
            "$haskey"
        ],
        "map_locations":[
            {
                "map":"map_tantagel",
                "x":183,
                "y":647
            },
            {
                "map":"map_full",
                "x":725,
                "y":725
            }
        ]
    }
]