{    
"tracker_default": {
    "type": "container",
    "background": "#877373",
    "content": {
        "type": "dock",
        "dropshadow": true,
        "content": [
            {
                "type": "dock",
                "dock": "left",
                "v_alignment": "stretch",
                "content": [
                    {
                        "type": "group",
                        "header": "Items",
                        "dock": "top",
                        "header_content": {
                            "type": "button_popup",
                            "style": "settings",
                            "popup_background": "#55212121",
                            "layout": "settings_popup"
                        },
                        "content": {
                            "type": "layout",
                            "key": "shared_item_grid"
                        }
                    },
                    {
                        "type": "group",
                        "header": "Pinned Locations",
                        "content": {
                            "type": "recentpins",
                            "style": "wrap",
                            "h_alignment": "stretch",
                            "v_alignment": "stretch",
                            "orientation": "vertical",
                            "compact": true
                        }
                    }
                ]
            }
        ]
    }
}}